qid,type,system,question,answer,retrieved_ETids,top_score,refused,correctness_0_2,faithfulness_0_2,citation_validity_0_2,retrieval_recall_0_2,notes
1,single_record,RAG,"What happened in the Belgian DPA's case against a hospital in 2024, and what was the fine?","The Belgian DPA fined a hospital EUR 200,000 after a ransomware attack via a server vulnerability paralysed parts of its computer system and affected about 300,000 individuals; the DPA found the hospital had not carried out a data protection impact assessment, lacked an adequate information‑security policy, and failed to implement appropriate technical and organisational measures (e.g., employee training and a process for security updates) [ETid 2521]. The retrieved record does not state the year of the decision, so I cannot confirm it occurred in 2024 [ETid 2521].",2521; 1438; 63; 1905; 500,0.768,False,,,,,
1,single_record,BM25,"What happened in the Belgian DPA's case against a hospital in 2024, and what was the fine?","The retrieved record states that the hospital suffered a ransomware attack exploiting a server vulnerability that paralysed parts of its computer system and affected about 300,000 individuals; the Belgian DPA found the hospital had not carried out a data protection impact assessment, lacked an adequate information security policy, and failed to implement appropriate technical and organisational measures (e.g., employee training and a process for security updates) [ETid 2521]. The DPA imposed a fine of EUR 200,000 on the hospital [ETid 2521]. The record does not indicate the year of the decision, so I cannot confirm it was in 2024 from the provided corpus [ETid 2521].",732; 2521; 2614; 471; 18,29.701,False,,,,,
2,single_record,RAG,Why did the Irish DPA fine Centric Health Ltd?,"The DPA found Centric Health suffered a ransomware attack in which personal data (names, dates of birth and contact details) were accessed, altered and destroyed, affecting about 70,000 people (2,500 permanently), and concluded the healthcare facility had failed to implement adequate technical and organizational measures to protect personal data, facilitating the attack—so it imposed a EUR 460,000 fine [ETid 1666].",1666; 1965; 1564; 570; 689,0.758,False,,,,,
2,single_record,BM25,Why did the Irish DPA fine Centric Health Ltd?,"The DPA fined Centric Health Ltd EUR 460,000 after a ransomware attack in which personal data (names, dates of birth, contact details) were accessed, altered and destroyed, affecting about 70,000 people (2,500 permanently) [ETid 1666]. The DPA found the healthcare facility had failed to implement adequate technical and organizational measures to protect personal data, which facilitated the attack [ETid 1666].",1666; 1990; 2052; 1564; 1974,20.684,False,,,,,
3,single_record,RAG,What security failure led to the Italian fine against Asl Napoli 3 Sud?,The fine followed a ransomware attack (a virus that restricted access to the facility’s database and demanded a ransom); the Garante found the controller had failed to implement adequate technical and organizational measures to protect personal data [ETid 2080].,2080; 1075; 1054; 1979; 1197,0.655,False,,,,,
3,single_record,BM25,What security failure led to the Italian fine against Asl Napoli 3 Sud?,"The fine followed a ransomware attack that used a virus to restrict access to the facility's database and demanded a ransom [ETid 2080]. The Garante found the controller had failed to install adequate technical and organizational measures to protect personal data [ETid 2080]. The incident affected data (including health data) of 842,000 patients and employees [ETid 2080].",2080; 2557; 2174; 39; 1054,27.45,False,,,,,
4,multi_record,RAG,"What ransomware attacks affected healthcare organisations, and how did they occur?","- Belgium (hospital): a ransomware attack exploited a vulnerability in a server, paralyzing parts of the computer system and affecting about 300,000 people [ETid 2521].  
- Italy (ASL Napoli 3 Sud): a ransomware attack used a virus to restrict access to the facility’s database and demanded a ransom; the incident affected data of 842,000 patients and employees [ETid 2080].  
- Poland (healthcare facility): the controller suffered a ransomware attack on its systems that resulted in loss of personal data; the record does not specify the attack vector or how it was delivered [ETid 2468].  
- Ireland (Centric Health Ltd): a ransomware attack led to unauthorized access, alteration and destruction of personal data for about 70,000 people (2,500 permanently affected); the record does not describe how the attack was carried out [ETid 1666].  
- United Kingdom (Advanced Computer Software Group Ltd): a ransomware attack in August 2022 occurred after hackers accessed a health‑subsidiary’s systems via a customer account that lacked multi‑factor authentication, putting 79,404 individuals’ data at risk [ETid 2561].",2521; 2080; 2468; 1666; 2561,0.546,False,,,,,
4,multi_record,BM25,"What ransomware attacks affected healthcare organisations, and how did they occur?","Only one ransomware attack on a healthcare organisation is documented in the corpus: the attack on Asl Napoli 3 Sud (Italy). [ETid 2080]

The attack used a virus that restricted access to the healthcare facility’s database and demanded a ransom to restore system functionality; it affected data (including health data) of 842,000 patients and employees. [ETid 2080]

The Italian DPA found the controller had failed to implement adequate technical and organizational measures to protect personal data. [ETid 2080]",2080; 539; 1328; 2807; 2806,17.551,False,,,,,
5,multi_record,RAG,How do misdirected-email breaches differ from hacking incidents in these records?,"The records do not describe any misdirected‑email incident; the closest is a misdirected postal mail case where an employee sent nine letters to the wrong recipient [ETid 251].

Comparative differences shown in the records:
- Cause: the misdirected case was human error in sending mail, whereas the other case was an external hacking attack exploiting inadequate technical and organisational measures [ETid 251][ETid 71].  
- Scale: the misdirected postal mails affected 18 data subjects, while the hacking incident exposed personal data of about 6 million persons [ETid 251][ETid 71].  
- Sensitivity of data: the misdirected letters included data of children, criminal data and data related to private life; the hacking record refers to personal data in general (no further detail) [ETid 251][ETid 71].  
- Notification and organisational failures: the misdirected case involved delayed internal notification (the recipient told the Directorate after 5 days and the Directorate notified the supervisory authority only weeks later), while the hacking case was characterized by inadequate security measures that allowed unauthorized access [ETid 251][ETid 71].  

Other records show different types of incidents (accidental loss; violations of information security; late notification/failure to notify) but do not add misdirected‑email examples [ETid 1837][ETid 91][ETid 29].",71; 251; 1837; 29; 91,0.466,False,,,,,
5,multi_record,BM25,How do misdirected-email breaches differ from hacking incidents in these records?,"Insufficient evidence that any ""misdirected‑email"" breaches appear in the retrieved records. The corpus instead includes a misdirected/undelivered physical‑mail case and mailbox incidents, and separate hacking/phishing/social‑engineering incidents; they differ as follows:

- Nature of the incident: the Spanish case involved undelivered letters containing personal data that were disposed of in unauthorized locations (physical delivery failure) [ETid 2529]; another record notes fines for security breaches in a voice‑mailbox function [ETid 294]. By contrast, the Danish case describes computer thefts and phishing/spoofing attacks (technical compromise) [ETid 857], and the Irish case describes malicious actors using customer information to call and change account details (social‑engineering/unauthorized access) [ETid 3146]. Vodafone’s case involved an unauthorized third party concluding contracts and a failure to verify identity (impersonation/identity‑fraud, not mere misdelivery) [ETid 853].

- Root causes identified: the misdelivered‑mail incident was blamed on failure to implement traceability and employee delivery procedures (organizational/operational failings) [ETid 2529]. The hacking/phishing incidents were attributed to insufficient technical and organizational security (e.g., failure to implement measures such as multifactor authentication) or to security protocols not being followed [ETid 857; ETid 3146].

- Consequences and remedies: the mail controller was fined and ordered to implement traceability and specific delivery instructions [ETid 2529]. Hacking/phishing/social‑engineering incidents led to fines tied to inadequate security, exposure of large numbers of data subjects (including sensitive health data in one case), and consequences such as increased fraud and financial loss; regulators pointed to needs for stronger technical controls and adherence to security protocols [ETid 857; ETid 3146]. Vodafone was fined for failing to verify identity and take precautions to prevent fraudulent contract conclusions [ETid 853].",2529; 857; 853; 3146; 294,13.169,True,,,,,
6,multi_record,RAG,Compare security failures in the public sector with those in finance.,"Summary comparison — drawn only from the retrieved records:

- Nature of technical failures:
  - Public sector: examples show weak access controls and credential management (insufficient passwords; unprotected files containing usernames and passwords that allowed anyone to log in) [ETid 2168; ETid 42].  
  - Finance: failure described as inadequate technical and organisational measures that allowed third‑party access to customer credit records [ETid 72].

- Types of personal data exposed or processed:
  - Public sector: personal data of pupils and school employees (majority children) in one case; also unlawful processing of biometric data in another public‑sector case [ETid 42; ETid 2657].  
  - Finance: names, citizenship, identification numbers, addresses, copies of identity cards and biometric data of bank customers were exposed [ETid 72].

- Scale and severity:
  - Public sector: breaches affected over 35,000 user accounts (mostly children) in the Norway case, an aggravating factor noted by the authority [ETid 42].  
  - Finance: tens of thousands of records were accessed (over 23,000 credit records relating to over 33,000 customers) and included highly sensitive identity and biometric data [ETid 72].

- Legal/compliance issues:
  - Public sector: included not only technical weaknesses but also legal shortcomings — processing biometric data without sufficient legal basis and failing to inform data subjects or carry out a DPIA [ETid 2657].  
  - Finance: the record describes technical/organisational inadequacy and third‑party access; the retrieved record does not state whether legal bases, notifications or DPIAs were also deficient [ETid 72].

Overall observation: both sectors suffered large‑scale breaches tied to insufficient security measures, but the public‑sector examples emphasize credential mismanagement and, in one case, unlawful biometric processing and ignored warnings (including many children affected), whereas the finance example highlights broad third‑party access to identity documents and biometric data [ETid 2168; ETid 42; ETid 2657; ETid 72].

(If you need a side‑by‑side table or further extraction, I can provide it from these records.)",2168; 215; 42; 2657; 72,0.453,False,,,,,
6,multi_record,BM25,Compare security failures in the public sector with those in finance.,"- Nature of failure
  - Public sector: unlawful processing and disclosure of citizens' PESEL (national ID) data to Poczta Polska in connection with a planned postal vote [ETid 2587].
  - Finance: three breaches caused by malicious actors who used customer information to call the bank and change account details; the breaches happened because existing security protocols were not followed [ETid 3146].

- Cause
  - Public sector: improper/unlawful data sharing (legal basis/compliance failure) [ETid 2587].
  - Finance: operational failure (procedures in place but not followed), enabling social‑engineering attacks [ETid 3146].

- Consequences for data subjects
  - Public sector: disclosure of sensitive identity data (PESEL) to a third party in the election context (record does not detail resulting identity fraud or financial loss) [ETid 2587].
  - Finance: increased risk of fraud, forced account closures and, in some cases, actual financial loss for customers [ETid 3146].

- Enforcement outcome
  - Public sector: fine of EUR 23,500 on the Polish Minister for Digital Affairs [ETid 2587].
  - Finance: fine of EUR 277,500 on Permanent TSB [ETid 3146].

- Limitations / uncertainty
  - The public‑sector record summarizes unlawful sharing but gives no technical detail on security controls or whether internal protocols existed or were ignored, so direct technical comparisons are limited by the available information [ETid 2587].",68; 3146; 2587; 189; 1118,16.11,False,,,,,
7,country_agg,RAG,Which countries appear most often in cases involving insufficient security measures?,"France appears most often (2 cases: ETid 2168; ETid 24) [ETid 2168][ETid 24]. Other countries with one case each are the Netherlands [ETid 1119], Slovakia [ETid 91], and Spain [ETid 221].",2168; 1119; 24; 91; 221,0.501,False,,,,,
7,country_agg,BM25,Which countries appear most often in cases involving insufficient security measures?,"The records that explicitly describe insufficient or inadequate technical/organisational security measures are:

- Romania — Vodafone Romania: insufficient security measures led to data sent to a wrong e‑mail address [ETid 241].  
- Sweden — Uppsala University Hospital: DPA found the hospital board had not taken sufficient technical and organisational measures (unencrypted health data sent/stored) [ETid 1014].  
- Germany — online marketplace: the operator failed to take appropriate technical and organisational measures (did not remove metadata from uploaded photos) [ETid 1045].

Each of these countries appears once in the retrieved records, so there is a three‑way tie (no single country appears more often) [ETid 241; ETid 1014; ETid 1045]. 

(The Spain record concerns a failed identity check by a sales representative but does not explicitly describe insufficient technical/organisational security measures [ETid 293].)",1028; 241; 293; 1014; 1045,12.42,False,,,,,
8,country_agg,RAG,What types of incidents did the Spanish DPA penalise?,"- Failure to implement measures repeatedly ordered by the DPA [ETid 1284].  
- Failure to inform the DPA that ordered measures had been taken [ETid 3131].  
- Unlawful recording of a violent incident involving minors (video recorded without a valid legal basis) [ETid 2119].  
- Failure to react to requests made by the DPA [ETid 2986].  
- Failure to provide a notice informing about video surveillance on the premises [ETid 1746].",1284; 3131; 2119; 2986; 1746,0.682,False,,,,,
8,country_agg,BM25,What types of incidents did the Spanish DPA penalise?,Insufficient evidence in the corpus to answer this question.,1583; 732; 2807; 2806; 1328,17.61,True,,,,,
9,sector_pattern,RAG,What kinds of incidents most commonly affect the healthcare sector?,"Based on the retrieved records, the kinds of incidents affecting the healthcare sector include:

- Unauthorized internal access to health data (e.g., staff or trainees accessing colleagues’ or patients’ records) [ETid 212, ETid 859].  
- Ransomware and other cyberattacks that access, alter or destroy patient data [ETid 1666].  
- Misconfiguration or poor access controls leading to data leaks (e.g., test servers or file areas left accessible to many employees) [ETid 859, ETid 212].  
- Accidental disclosures/publications and misdirected communications (e.g., open distribution lists or accidental digital publication of health data) [ETid 1235, ETid 101].  
- Insecure storage of credentials (e.g., passwords stored in plain text) which facilitated unauthorized access [ETid 859].",212; 1666; 859; 1235; 101,0.414,False,,,,,
9,sector_pattern,BM25,What kinds of incidents most commonly affect the healthcare sector?,"In this corpus, the recurring incident types affecting the healthcare sector are:

- Unauthorized disclosure/publication of patients' health data (e.g., publishing names and medical records online) [ETid 1257].  
- Improper internal access by staff and weak access controls or monitoring (employees accessing patient data without need; IT platform allowed broad access; no systems to detect misuse) [ETid 1297].  
- Organizational/compliance failures: inadequate information to data subjects and consent shortcomings, missing records of processing activities, lack of appropriate technical and organizational measures, and no DPIA where required [ETid 539; ETid 1257].",1257; 2057; 539; 2069; 1297,19.284,False,,,,,
10,sector_pattern,RAG,What security incidents appear in the telecommunications sector?,"The retrieved records show the following security incidents in the telecommunications sector:

- Telefónica de España: a cyber‑attack allowed unauthorised third parties to access customers’ personal data via an employee’s account; the Spanish DPA found insufficient technical and organisational measures and fined the controller EUR 1.3 million (EUR 500,000 for Art. 5(1)(f) and EUR 800,000 for Art. 32 GDPR) [ETid 2508].

- Cosmote / OTE Group (Greece): a hacker penetrated Cosmote’s systems due to lacking security measures, obtaining and leaking customer data (including sensitive fields such as age, gender and contract information); nearly 10 million people were affected and OTE Group was fined EUR 3.2 million for failing to implement adequate technical and organisational measures [ETid 1025].

- Telekom Romania Mobile Communications S.A.: failure to implement adequate security measures led to the unauthorised disclosure of data of 99,210 data subjects (customer number, gender, telephone number) and unauthorised access to accounts of 413 customers; the DPA fined the controller EUR 10,000 for violating Art. 32 GDPR [ETid 613].",2508; 1025; 360; 613; 2557,0.485,False,,,,,
10,sector_pattern,BM25,What security incidents appear in the telecommunications sector?,"- Unauthorized subscription obtained by impersonation: a sales representative failed to verify a claimant’s identity, allowing a person to act in the name of the data subject and order a telephone connection for four lines [ETid 293].

- Large data breach at a telecommunications company: attackers accessed data of about 100,000 data subjects after the company failed to implement adequate technical and organizational security measures (e.g., processing systems lacked access restrictions) [ETid 1293].",293; 486; 1293; 1014; 3175,15.111,False,,,,,
11,unanswerable,RAG,What was the average ransom amount paid?,Insufficient evidence in the corpus to answer this question.,2080; 2521; 2468; 2428; 3202,0.436,True,,,,,
11,unanswerable,BM25,What was the average ransom amount paid?,Insufficient evidence in the corpus to answer this question.,2768; 2080; 641; 3135; 2807,12.073,True,,,,,
12,unanswerable,RAG,How many organisations reported these breaches to law enforcement?,Insufficient evidence in the corpus to answer this question.,857; 3075; 2566; 40; 1188,0.531,True,,,,,
12,unanswerable,BM25,How many organisations reported these breaches to law enforcement?,Insufficient evidence in the corpus to answer this question.,681; 857; 570; 620; 1436,13.74,True,,,,,
13,unanswerable,RAG,What was the total cost of recovery for these incidents?,Insufficient evidence in the corpus to answer this question.,3147; 2468; 3200; 3202; 3146,0.392,True,,,,,
13,unanswerable,BM25,What was the total cost of recovery for these incidents?,Insufficient evidence in the corpus to answer this question.,2638; 833; 2768; 2660; 611,15.567,True,,,,,
14,adversarial,RAG,Why did the UK ICO fine Google 50 million euros for a ransomware attack?,"False premise. The €50 million fine was imposed by the French data protection authority (CNIL), not the UK ICO, and it concerned Google’s handling of account creation during Android phone setup — specifically lack of transparency, insufficient information (Arts. 5, 13/14 GDPR), lack of legal basis (Art. 6 GDPR), and consents that were not “specific” and “unambiguous” — following complaints from NGOs [ETid 23]. It was not related to a ransomware attack. For contrast, the UK ICO has fined other organisations over ransomware or inadequate security (examples: Advanced Computer Software Group £3.07m for insufficient IT security after a ransomware attack [ETid 2561]; Tuckers Solicitors €115,000 after a ransomware attack [ETid 1188]).",2561; 2566; 23; 3147; 1188,0.685,False,,,,,
14,adversarial,BM25,Why did the UK ICO fine Google 50 million euros for a ransomware attack?,"The premise is incorrect: the €50 million fine was imposed by the French data protection authority (CNIL), not the UK ICO. CNIL fined Google for lack of transparency (Art. 5 GDPR), insufficient information (Art. 13/14 GDPR) and lack of legal basis (Art. 6 GDPR) in the Android account‑creation process — the consents were not “specific” or “unambiguous” — not for a ransomware attack [ETid 23].",23; 1730; 60; 2561; 752,24.519,False,,,,,
15,adversarial,RAG,Which German company received the largest fine for a phishing attack in 2018?,Insufficient evidence in the corpus to answer this question.,2441; 2442; 791; 1313; 2443,0.65,True,,,,,
15,adversarial,BM25,Which German company received the largest fine for a phishing attack in 2018?,Insufficient evidence in the corpus to answer this question.,3147; 2428; 1961; 1564; 394,20.127,True,,,,,
